阶段,Recall@5,Precision@5,MRR,HitRate@5
第一轮,0.9814814814814815,0.23703703703703705,0.8976851851851851,1.0
第二轮,1.0,0.28,1.0,1.0
两轮并集,0.9814814814814815,0.23703703703703705,0.8976851851851851,1.0
最终一轮,0.9814814814814815,0.23703703703703705,0.9023148148148148,1.0
最终接受证据,0.9814814814814815,0.23703703703703705,0.9537037037037037,1.0
